{
	"class_name" : "PinholeCameraParameters",
	"extrinsic" : 
	[
		0.91490504601768918,
		0.13541289335482032,
		-0.38027898322763826,
		0.0,
		-0.078577752188905281,
		0.98377825544414366,
		0.16126339006797633,
		0.0,
		0.39594733694307038,
		-0.1176592216044002,
		0.91070413084554391,
		0.0,
		-2.3565275856104666,
		-2.0972136499185812,
		1.7619732873760778,
		1.0
	],
	"intrinsic" : 
	{
		"height" : 1061,
		"intrinsic_matrix" : 
		[
			918.85295341528945,
			0.0,
			0.0,
			0.0,
			918.85295341528945,
			0.0,
			959.5,
			530.0,
			1.0
		],
		"width" : 1920
	},
	"version_major" : 1,
	"version_minor" : 0
}