{
	"class_name" : "PinholeCameraParameters",
	"extrinsic" : 
	[
		0.072667646379131257,
		-0.9795090381030841,
		-0.18783358976521886,
		0.0,
		0.788447473039946,
		-0.058918257688205217,
		0.61227381225062205,
		0.0,
		-0.61079456073760285,
		-0.19258941607823946,
		0.76800997479720379,
		0.0,
		-0.77472464056434709,
		2.2999130870740436,
		1.323184404645104,
		1.0
	],
	"intrinsic" : 
	{
		"height" : 1061,
		"intrinsic_matrix" : 
		[
			918.85295341528945,
			0.0,
			0.0,
			0.0,
			918.85295341528945,
			0.0,
			959.5,
			530.0,
			1.0
		],
		"width" : 1920
	},
	"version_major" : 1,
	"version_minor" : 0
}