{
	"class_name" : "PinholeCameraParameters",
	"extrinsic" : 
	[
		-0.45652873125425125,
		-0.63616941121086235,
		0.62198874409349925,
		0.0,
		0.15862782174568391,
		0.62969126958539745,
		0.76047755994253374,
		0.0,
		-0.87545344348377729,
		0.44584457521377907,
		-0.18655798842408688,
		0.0,
		1.8654959860694031,
		-0.64301515392589459,
		0.86579287461319632,
		1.0
	],
	"intrinsic" : 
	{
		"height" : 1061,
		"intrinsic_matrix" : 
		[
			918.85295341528945,
			0.0,
			0.0,
			0.0,
			918.85295341528945,
			0.0,
			959.5,
			530.0,
			1.0
		],
		"width" : 1920
	},
	"version_major" : 1,
	"version_minor" : 0
}