{
	"class_name" : "PinholeCameraParameters",
	"extrinsic" : 
	[
		0.88852808040522857,
		0.19962090785183781,
		-0.41312146334922856,
		0.0,
		-0.228080590788348,
		0.97343302389801212,
		-0.02018395626259567,
		0.0,
		0.39811693563203021,
		0.11215899934102612,
		0.91045223072371118,
		0.0,
		-2.2692756206607374,
		-2.3024693101149598,
		2.6706076116732915,
		1.0
	],
	"intrinsic" : 
	{
		"height" : 1061,
		"intrinsic_matrix" : 
		[
			918.85295341528945,
			0.0,
			0.0,
			0.0,
			918.85295341528945,
			0.0,
			959.5,
			530.0,
			1.0
		],
		"width" : 1920
	},
	"version_major" : 1,
	"version_minor" : 0
}