{
	"class_name" : "PinholeCameraParameters",
	"extrinsic" : 
	[
		0.99146853907026378,
		-0.039285237692030746,
		-0.12428518066671371,
		0.0,
		0.10108095143412732,
		-0.37028381360890228,
		0.92340269581392243,
		0.0,
		-0.082296885062854069,
		-0.92808758610312658,
		-0.36315376251695786,
		0.0,
		-0.50512630272076864,
		0.66882831870202986,
		1.3755048666482426,
		1.0
	],
	"intrinsic" : 
	{
		"height" : 1061,
		"intrinsic_matrix" : 
		[
			918.85295341528945,
			0.0,
			0.0,
			0.0,
			918.85295341528945,
			0.0,
			959.5,
			530.0,
			1.0
		],
		"width" : 1920
	},
	"version_major" : 1,
	"version_minor" : 0
}