{
	"class_name" : "PinholeCameraParameters",
	"extrinsic" : 
	[
		0.99884870545609294,
		0.040458364969600959,
		0.025775653486846191,
		0.0,
		0.032205847668054684,
		-0.96377872922974328,
		0.26475147678584032,
		0.0,
		0.035553438436661179,
		-0.26361654308538357,
		-0.96397213197635689,
		0.0,
		0.0016095797493317354,
		-1.8685476503287433,
		11.674308383774536,
		1.0
	],
	"intrinsic" : 
	{
		"height" : 1061,
		"intrinsic_matrix" : 
		[
			918.85295341528945,
			0.0,
			0.0,
			0.0,
			918.85295341528945,
			0.0,
			959.5,
			530.0,
			1.0
		],
		"width" : 1920
	},
	"version_major" : 1,
	"version_minor" : 0
}